{"stat.useItem.minecraft.bow":5,"stat.pickup.mmorpg.chest/chest1":8,"stat.useItem.mmorpg.bow/bow1":8,"stat.useItem.mmorpg.bow/bow0":2,"stat.leaveGame":6,"stat.drop.minecraft.gunpowder":1,"stat.craftItem.minecraft.iron_axe":1,"stat.pickup.gravestone.death_info":10,"stat.useItem.minecraft.planks":5,"stat.drop.minecraft.feather":1,"stat.pickup.minecraft.porkchop":24,"stat.mineBlock.gravestone.gravestone":12,"stat.useItem.mmorpg.hammer/hammer4":98,"stat.drop.minecraft.iron_sword":2,"stat.pickup.minecraft.rotten_flesh":645,"stat.pickup.minecraft.sand":5,"stat.craftItem.minecraft.stone_axe":1,"stat.drop.mmorpg.runes/ano0":1,"stat.craftItem.minecraft.stone_sword":1,"stat.mineBlock.minecraft.snow_layer":2,"stat.mineBlock.minecraft.sand":5,"stat.pickup.mmorpg.spell_ice_bomb":9,"stat.pickup.mmorpg.staff/staff0":5,"stat.pickup.mmorpg.staff/staff1":8,"stat.killEntity.Villager":1,"stat.pickup.mmorpg.axe/axe1":20,"stat.craftItem.minecraft.wooden_pickaxe":1,"stat.craftItem.minecraft.bed":1,"stat.drop.gravestone.death_info":8,"stat.pickup.minecraft.wooden_shovel":5,"stat.killEntity.ZombieVillager":2,"stat.drop.mmorpg.spell_frostexplosion":1,"stat.pickup.minecraft.beef":3,"stat.mineBlock.minecraft.fence":2,"stat.useItem.minecraft.wheat_seeds":7,"stat.useItem.minecraft.beef":3,"stat.deaths":24,"stat.pickup.minecraft.egg":8,"stat.playOneMinute":282015,"stat.craftItem.minecraft.wooden_shovel":1,"stat.drop.minecraft.string":3,"stat.drop.minecraft.torch":1,"stat.mineBlock.minecraft.tallgrass":67,"stat.chestOpened":9,"stat.craftItem.minecraft.sign":3,"stat.pickup.minecraft.arrow":22,"stat.pickup.minecraft.iron_sword":7,"stat.fallOneCm":216415,"stat.drop.minecraft.stone":10,"stat.pickup.minecraft.carrot":2,"stat.crouchOneCm":20843,"stat.mineBlock.minecraft.chest":3,"stat.craftItem.minecraft.chest":2,"stat.craftingTableInteraction":20,"stat.pickup.minecraft.wooden_pickaxe":5,"stat.pickup.minecraft.feather":1,"stat.drop.minecraft.bone":2,"stat.craftItem.minecraft.wooden_sword":1,"stat.pickup.minecraft.planks":87,"stat.pickup.minecraft.wheat_seeds":29,"stat.mineBlock.minecraft.gravel":1,"stat.useItem.minecraft.stone_pickaxe":630,"stat.pickup.mmorpg.spell_frostexplosion":6,"stat.useItem.minecraft.stone_sword":135,"stat.mineBlock.minecraft.dirt":55,"stat.pickup.mmorpg.spell_acidbolt":5,"stat.useItem.minecraft.torch":23,"stat.useItem.minecraft.bread":4,"stat.drop.mmorpg.runes/voh0":1,"stat.drop.minecraft.rotten_flesh":9,"stat.drop.minecraft.porkchop":1,"stat.useItem.minecraft.log":7,"stat.pickup.minecraft.crafting_table":14,"stat.useItem.minecraft.cobblestone":24,"stat.craftItem.minecraft.crafting_table":11,"stat.pickup.minecraft.log":267,"stat.drop.minecraft.chicken":1,"stat.drop.minecraft.planks":2,"stat.drop.minecraft.sapling":3,"stat.pickup.minecraft.chicken":1,"stat.pickup.mmorpg.spell_thunderbolt":6,"stat.pickup.minecraft.sapling":7,"stat.pickup.minecraft.apple":9,"stat.craftItem.minecraft.planks":124,"stat.useItem.minecraft.iron_sword":255,"stat.pickup.minecraft.stone_sword":2,"stat.mineBlock.minecraft.log":74,"stat.sneakTime":7178,"stat.pickup.minecraft.wool":3,"stat.useItem.minecraft.wooden_axe":1,"stat.pickup.minecraft.chest":13,"stat.drop.minecraft.stone_pickaxe":5,"stat.pickup.minecraft.bone":22,"stat.pickup.mmorpg.boots/boots0":6,"stat.useItem.minecraft.iron_axe":4,"stat.pickup.mmorpg.hammer/hammer4":9,"stat.mineBlock.minecraft.cobblestone":13,"stat.pickup.minecraft.stone_pickaxe":16,"stat.swimOneCm":27005,"stat.climbOneCm":5993,"stat.drop.minecraft.cobblestone":2,"stat.useItem.minecraft.dirt":5,"stat.useItem.minecraft.stone_slab2":54,"stat.pickup.minecraft.bow":7,"stat.pickup.mmorpg.necklace/necklace1":5,"stat.pickup.mmorpg.necklace/necklace2":1,"stat.useItem.minecraft.egg":3,"stat.craftItem.minecraft.spruce_boat":2,"stat.craftItem.minecraft.stone_pickaxe":5,"stat.pickup.minecraft.cobblestone":1778,"stat.flyOneCm":1167253,"stat.drop.minecraft.wheat_seeds":4,"stat.pickup.mmorpg.helmet/helmet1":4,"stat.pickup.mmorpg.ring/ring4":6,"stat.drop.mmorpg.bow/bow1":1,"stat.timeSinceDeath":3158,"stat.drop.minecraft.log":5,"stat.useItem.minecraft.sign":1,"stat.drop.minecraft.spider_eye":3,"stat.pickup.minecraft.mutton":24,"stat.pickup.mmorpg.runes/voh0":1,"stat.pickup.minecraft.wooden_axe":4,"stat.drop.minecraft.dirt":7,"stat.useItem.mmorpg.staff/staff0":6,"stat.useItem.mmorpg.staff/staff1":3,"stat.mineBlock.minecraft.coal_ore":31,"stat.killEntity.Creeper":4,"stat.talkedToVillager":2,"stat.pickup.minecraft.wooden_sword":5,"stat.pickup.minecraft.string":27,"stat.sprintOneCm":759618,"stat.craftItem.minecraft.stick":36,"stat.craftItem.minecraft.wooden_axe":1,"stat.useItem.minecraft.snowball":6,"stat.mineBlock.minecraft.crafting_table":4,"stat.useItem.minecraft.wooden_shovel":26,"stat.mineBlock.minecraft.planks":9,"stat.drop":76,"stat.killEntity.Sheep":3,"stat.killEntity.Zombie":53,"stat.pickup.minecraft.snowball":12,"stat.drop.mmorpg.hammer/hammer4":1,"stat.diveOneCm":23101,"stat.pickup.minecraft.wheat":6,"stat.pickup.minecraft.sign":16,"stat.pickup.minecraft.gravel":1,"stat.pickup.minecraft.stone_axe":6,"stat.useItem.minecraft.apple":8,"stat.useItem.minecraft.porkchop":7,"stat.useItem.mmorpg.axe/axe1":204,"stat.useItem.minecraft.rotten_flesh":25,"stat.drop.minecraft.apple":1,"stat.jump":7218,"stat.useItem.minecraft.sand":2,"stat.pickup.minecraft.fence":2,"stat.pickup.minecraft.coal":98,"stat.pickup.mmorpg.charm/charm0":13,"stat.pickup.minecraft.iron_ingot":10,"stat.pickup.mmorpg.charm/charm1":1,"stat.pickup.mmorpg.runes/ano0":1,"stat.pickup.mmorpg.charm/charm2":12,"stat.useItem.minecraft.stone_axe":105,"stat.pickup.minecraft.gunpowder":13,"stat.craftItem.minecraft.bread":2,"stat.pickup.minecraft.spider_eye":39,"stat.craftItem.minecraft.torch":52,"stat.pickup.minecraft.dirt":142,"stat.pickup.mmorpg.pants/pants1":3,"stat.boatOneCm":129570,"stat.pickup.mmorpg.pants/pants0":9,"stat.pickup.minecraft.iron_axe":5,"stat.damageTaken":14899,"stat.mineBlock.minecraft.torch":13,"stat.useItem.minecraft.wooden_pickaxe":13,"stat.pickup.minecraft.bed":6,"stat.entityKilledBy.Zombie":3,"stat.pickup.mmorpg.bow/bow0":2,"stat.damageDealt":4765,"stat.killEntity.Cow":1,"stat.useItem.minecraft.crafting_table":3,"stat.killEntity.Pig":5,"stat.drop.mmorpg.axe/axe1":1,"stat.craftItem.minecraft.iron_sword":1,"stat.pickup.mmorpg.bow/bow1":7,"stat.walkOneCm":892339,"stat.useItem.minecraft.chest":3,"stat.pickup.minecraft.stick":17,"stat.useItem.minecraft.spruce_boat":2,"stat.pickup.mmorpg.spell_frostbolt":6,"stat.pickup.minecraft.stone":21,"stat.pickup.minecraft.air":0,"stat.killEntity.Skeleton":15,"stat.killEntity.Spider":12,"stat.pickup.minecraft.bread":5,"stat.mobKills":97,"stat.mineBlock.minecraft.leaves":35,"stat.pickup.minecraft.torch":126,"stat.pickup.mmorpg.spell_acidexplosion":8,"stat.pickup.minecraft.spruce_boat":1,"stat.mineBlock.minecraft.stone":577}