{"stat.pickup.mmorpg.chest/chest0":2,"stat.useItem.minecraft.bow":29,"stat.useItem.mmorpg.bow/bow5":22,"stat.pickup.mmorpg.chest/chest1":1,"stat.useItem.mmorpg.bow/bow0":10,"stat.leaveGame":19,"stat.drop.minecraft.gunpowder":5,"stat.craftItem.minecraft.iron_axe":4,"stat.pickup.gravestone.death_info":3,"stat.useItem.minecraft.mutton":3,"stat.useItem.minecraft.planks":764,"stat.mineBlock.minecraft.web":25,"stat.pickup.mmorpg.spell_frost_nova":3,"stat.drop.minecraft.feather":1,"stat.drop.minecraft.bowl":3,"stat.pickup.minecraft.porkchop":88,"stat.mineBlock.gravestone.gravestone":5,"stat.useItem.mmorpg.hammer/hammer0":235,"stat.useItem.mmorpg.hammer/hammer1":50,"stat.useItem.mmorpg.hammer/hammer2":3,"stat.useItem.minecraft.water_bucket":26,"stat.pickup.minecraft.rotten_flesh":132,"stat.pickup.minecraft.sand":100,"stat.pickup.mmorpg.axe/axe0":2,"stat.pickup.mmorpg.spell_flameexplosion":2,"stat.killEntity.Donkey":1,"stat.craftItem.minecraft.stone_axe":2,"stat.useItem.minecraft.vine":29,"stat.drop.mmorpg.spell_ice_bomb":1,"stat.killEntity.Enderman":3,"stat.craftItem.minecraft.iron_shovel":2,"stat.useItem.minecraft.ender_pearl":1,"stat.pickup.minecraft.brown_mushroom":15,"stat.mineBlock.minecraft.sand":98,"stat.pickup.mmorpg.spell_ice_bomb":1,"stat.killEntity.Witch":1,"stat.pickup.mmorpg.staff/staff0":1,"stat.pickup.mmorpg.staff/staff1":2,"stat.pickup.chisel.chisel_iron":1,"stat.pickup.mmorpg.axe/axe1":4,"stat.pickup.mmorpg.axe/axe2":1,"stat.useItem.minecraft.fence_gate":4,"stat.useItem.minecraft.iron_pickaxe":1061,"stat.craftItem.minecraft.wooden_pickaxe":1,"stat.useItem.minecraft.iron_shovel":515,"stat.pickup.mmorpg.runes/mos0":1,"stat.pickup.minecraft.double_plant":33,"stat.craftItem.minecraft.bed":2,"stat.pickup.mmorpg.runes/mos3":1,"stat.drop.gravestone.death_info":2,"stat.mineBlock.minecraft.vine":33,"stat.useItem.minecraft.oak_stairs":40,"stat.furnaceInteraction":73,"stat.drop.mmorpg.spell_thunderbolt":1,"stat.killEntity.ZombieVillager":8,"stat.pickup.mmorpg.runes/rah2":1,"stat.pickup.mmorpg.runes/rah0":1,"stat.pickup.mmorpg.spell_fire_bomb":2,"stat.drop.minecraft.stone_slab":1,"stat.pickup.minecraft.fence_gate":1,"stat.useItem.minecraft.double_plant":18,"stat.pickup.minecraft.beef":54,"stat.pickup.chisel.andesite1":1,"stat.pickup.minecraft.furnace":6,"stat.useItem.minecraft.cooked_mutton":2,"stat.useItem.minecraft.trapdoor":6,"stat.useItem.minecraft.fence":39,"stat.pickup.securitycraft.security_camera":3,"stat.drop.mmorpg.shields/normal_shield0":2,"stat.mineBlock.minecraft.fence":5,"stat.craftItem.minecraft.fence_gate":6,"stat.useItem.minecraft.wheat_seeds":56,"stat.useItem.minecraft.dye":36,"stat.mineBlock.minecraft.oak_stairs":16,"stat.deaths":6,"stat.pickup.minecraft.bowl":1,"stat.pickup.minecraft.egg":10,"stat.playOneMinute":780826,"stat.craftItem.minecraft.wooden_shovel":2,"stat.drop.minecraft.string":4,"stat.craftItem.minecraft.iron_pickaxe":5,"stat.useItem.minecraft.shears":1,"stat.mineBlock.minecraft.brown_mushroom_block":23,"stat.drop.minecraft.iron_ingot":5,"stat.pickup.packedup.ironbackpack":5,"stat.pickup.securitycraft.camera_monitor":5,"stat.useItem.securitycraft.camera_monitor":1,"stat.mineBlock.minecraft.tallgrass":674,"stat.craftItem.minecraft.cooked_mutton":2,"stat.chestOpened":70,"stat.craftItem.minecraft.mushroom_stew":6,"stat.drop.chisel.diorite":2,"stat.useItem.minecraft.stone":686,"stat.pickup.minecraft.arrow":102,"stat.pickup.minecraft.iron_sword":3,"stat.pickup.minecraft.waterlily":15,"stat.pickup.mmorpg.spell_poison_nova":2,"stat.craftItem.minecraft.iron_hoe":1,"stat.fallOneCm":296804,"stat.pickup.minecraft.carrot":8,"stat.crouchOneCm":122231,"stat.craftItem.minecraft.iron_ingot":51,"stat.craftItem.minecraft.chest":7,"stat.pickup.minecraft.red_mushroom":12,"stat.useItem.minecraft.iron_hoe":147,"stat.craftingTableInteraction":113,"stat.drop.mmorpg.spell_acidbolt":1,"stat.mineBlock.minecraft.log2":183,"stat.pickup.minecraft.wooden_pickaxe":1,"stat.pickup.minecraft.feather":7,"stat.useItem.minecraft.furnace":2,"stat.pickup.minecraft.planks":422,"stat.pickup.minecraft.wheat_seeds":183,"stat.mineBlock.minecraft.gravel":5,"stat.useItem.minecraft.stone_pickaxe":395,"stat.pickup.mmorpg.spell_frostexplosion":1,"stat.drop.mmorpg.staff/staff0":1,"stat.mineBlock.minecraft.glass":1,"stat.useItem.minecraft.wool":4,"stat.craftItem.minecraft.oak_stairs":40,"stat.mineBlock.minecraft.dirt":1227,"stat.pickup.mmorpg.spell_acidbolt":5,"stat.drop.minecraft.stick":2,"stat.useItem.minecraft.torch":210,"stat.useItem.minecraft.bread":2,"stat.drop.minecraft.rotten_flesh":43,"stat.pickup.minecraft.crafting_table":7,"stat.useItem.minecraft.log":140,"stat.useItem.minecraft.cobblestone":327,"stat.craftItem.minecraft.crafting_table":9,"stat.mineBlock.minecraft.double_plant":40,"stat.pickup.minecraft.log":426,"stat.pickup.chisel.diorite":3,"stat.pickup.minecraft.iron_pickaxe":6,"stat.drop.minecraft.iron_ore":4,"stat.useItem.minecraft.yellow_flower":2,"stat.pickup.minecraft.chicken":6,"stat.pickup.mmorpg.spell_thunderbolt":3,"stat.craftItem.chisel.chisel_iron":2,"stat.pickup.minecraft.sapling":27,"stat.pickup.minecraft.apple":3,"stat.pickup.mmorpg.spell_acid_bomb":1,"stat.craftItem.minecraft.bucket":1,"stat.craftItem.minecraft.planks":1071,"stat.useItem.minecraft.iron_sword":153,"stat.mineBlock.minecraft.log":403,"stat.mineBlock.minecraft.waterlily":15,"stat.pickup.minecraft.red_flower":105,"stat.sneakTime":38323,"stat.pickup.minecraft.wool":39,"stat.pickup.minecraft.stone_slab":6,"stat.pickup.minecraft.yellow_flower":7,"stat.pickup.mmorpg.boots/boots3":2,"stat.useItem.minecraft.mushroom_stew":6,"stat.pickup.minecraft.bone":105,"stat.pickup.mmorpg.boots/boots0":3,"stat.pickup.mmorpg.boots/boots1":4,"stat.craftItem.packedup.ironbackpack":1,"stat.useItem.minecraft.iron_axe":808,"stat.useItem.minecraft.log2":14,"stat.mineBlock.minecraft.cobblestone":71,"stat.pickup.chisel.planks-oak":1,"stat.pickup.minecraft.stone_pickaxe":2,"stat.drop.minecraft.red_mushroom":3,"stat.mineBlock.minecraft.yellow_flower":4,"stat.mineBlock.minecraft.brown_mushroom":9,"stat.swimOneCm":61766,"stat.climbOneCm":34377,"stat.pickup.minecraft.enchanted_book":1,"stat.drop.minecraft.cobblestone":2,"stat.drop.minecraft.brown_mushroom":6,"stat.useItem.minecraft.dirt":1269,"stat.useItem.minecraft.stone_slab2":323,"stat.drop.securitycraft.camera_monitor":4,"stat.pickup.minecraft.bow":11,"stat.pickup.mmorpg.necklace/necklace4":3,"stat.pickup.mmorpg.necklace/necklace1":6,"stat.craftItem.minecraft.furnace":4,"stat.pickup.mmorpg.necklace/necklace0":2,"stat.useItem.minecraft.egg":8,"stat.craftItem.minecraft.spruce_boat":3,"stat.craftItem.minecraft.trapdoor":8,"stat.craftItem.minecraft.stone_pickaxe":3,"stat.craftItem.minecraft.cooked_beef":58,"stat.pickup.minecraft.shears":3,"stat.pickup.minecraft.cobblestone":489,"stat.craftItem.minecraft.bow":4,"stat.drop.chisel.chisel_iron":1,"stat.useItem.securitycraft.security_camera":2,"stat.useItem.minecraft.stone_shovel":874,"stat.flyOneCm":2107574,"stat.pickup.mmorpg.helmet/helmet2":2,"stat.drop.minecraft.wheat_seeds":19,"stat.pickup.mmorpg.helmet/helmet1":2,"stat.pickup.mmorpg.helmet/helmet0":6,"stat.useItem.minecraft.cooked_beef":33,"stat.pickup.mmorpg.shields/normal_shield1":7,"stat.pickup.mmorpg.shields/normal_shield0":3,"stat.mineBlock.mmorpg.ore_block2":8,"stat.pickup.minecraft.redstone":77,"stat.mineBlock.minecraft.iron_ore":74,"stat.mineBlock.mmorpg.ore_block3":4,"stat.timeSinceDeath":250879,"stat.pickup.mmorpg.ore1":5,"stat.pickup.mmorpg.ore0":13,"stat.drop.minecraft.spider_eye":3,"stat.mineBlock.mmorpg.ore_block0":5,"stat.pickup.mmorpg.ore3":4,"stat.pickup.minecraft.mutton":23,"stat.mineBlock.mmorpg.ore_block1":5,"stat.pickup.mmorpg.ore2":20,"stat.useItem.minecraft.potato":38,"stat.pickup.mmorpg.spell_firebolt":1,"stat.pickup.mmorpg.ring/ring0":12,"stat.pickup.mmorpg.ring/ring1":3,"stat.drop.minecraft.dirt":2,"stat.pickup.minecraft.iron_shovel":2,"stat.useItem.minecraft.cooked_porkchop":7,"stat.pickup.minecraft.trapdoor":2,"stat.mineBlock.minecraft.coal_ore":124,"stat.drop.minecraft.wool":2,"stat.killEntity.Creeper":52,"stat.mineBlock.minecraft.red_mushroom_block":27,"stat.pickup.minecraft.string":160,"stat.craftItem.packedup.basicbackpack":1,"stat.entityKilledBy.Skeleton":2,"stat.craftItem.minecraft.stone_slab2":0,"stat.sprintOneCm":1579184,"stat.mineBlock.minecraft.stone_slab":4,"stat.craftItem.minecraft.stick":252,"stat.useItem.minecraft.stone_slab":96,"stat.craftItem.minecraft.stone":492,"stat.useItem.minecraft.snowball":10,"stat.pickup.mmorpg.spell_lightningexplosion":1,"stat.mineBlock.minecraft.crafting_table":8,"stat.useItem.minecraft.carrot":5,"stat.useItem.minecraft.wooden_shovel":128,"stat.drop.mmorpg.spell_acid_bomb":1,"stat.useItem.minecraft.bucket":26,"stat.pickup.minecraft.vine":29,"stat.mineBlock.minecraft.planks":238,"stat.drop":80,"stat.drop.mmorpg.spell_frostbolt":1,"stat.killEntity.Sheep":9,"stat.useItem.minecraft.ladder":30,"stat.pickup.minecraft.slime_ball":39,"stat.pickup.mmorpg.bracelet/bracelet0":14,"stat.pickup.mmorpg.bracelet/bracelet1":2,"stat.killEntity.Zombie":154,"stat.pickup.minecraft.snowball":10,"stat.craftItem.minecraft.dye":39,"stat.drop.minecraft.bread":1,"stat.drop.mmorpg.hammer/hammer1":1,"stat.diveOneCm":21768,"stat.pickup.minecraft.wheat":10,"stat.craftItem.minecraft.ladder":30,"stat.pickup.minecraft.gravel":2,"stat.drop.minecraft.cooked_beef":15,"stat.craftItem.minecraft.cooked_porkchop":31,"stat.killEntity.Slime":37,"stat.pickup.minecraft.stone_axe":1,"stat.useItem.minecraft.apple":1,"stat.mineBlock.chisel.diorite":1,"stat.useItem.minecraft.porkchop":4,"stat.pickup.mmorpg.spell_fire_nova":2,"stat.useItem.mmorpg.axe/axe1":10,"stat.useItem.mmorpg.axe/axe0":9,"stat.pickup.mmorpg.sword/sword1":5,"stat.jump":11114,"stat.useItem.minecraft.sand":2,"stat.pickup.mmorpg.sword/sword0":2,"stat.pickup.minecraft.fence":8,"stat.pickup.minecraft.coal":304,"stat.pickup.minecraft.iron_ingot":38,"stat.pickup.mmorpg.charm/charm0":4,"stat.useItem.mmorpg.sword/sword1":103,"stat.pickup.mmorpg.charm/charm1":3,"stat.pickup.mmorpg.charm/charm2":4,"stat.pickup.mmorpg.runes/ano0":1,"stat.useItem.mmorpg.sword/sword0":473,"stat.drop.chisel.andesite1":1,"stat.useItem.minecraft.stone_axe":134,"stat.pickup.minecraft.gunpowder":48,"stat.craftItem.minecraft.bread":3,"stat.pickup.minecraft.spider_eye":14,"stat.craftItem.minecraft.torch":200,"stat.pickup.minecraft.dirt":1429,"stat.pickup.minecraft.iron_ore":81,"stat.pickup.mmorpg.pants/pants4":1,"stat.pickup.mmorpg.pants/pants1":9,"stat.useItem.minecraft.glass":32,"stat.pickup.minecraft.stone_shovel":3,"stat.boatOneCm":76589,"stat.pickup.mmorpg.pants/pants0":7,"stat.useItem.minecraft.sapling":10,"stat.pickup.mmorpg.spell_instantheal":12,"stat.pickup.minecraft.iron_axe":3,"stat.pickup.minecraft.leaves":225,"stat.mineBlock.minecraft.leaves2":3,"stat.pickup.minecraft.leather":62,"stat.damageTaken":13293,"stat.mineBlock.minecraft.furnace":6,"stat.mineBlock.minecraft.red_flower":10,"stat.mineBlock.minecraft.torch":32,"stat.useItem.minecraft.wooden_pickaxe":29,"stat.mineBlock.minecraft.sapling":3,"stat.pickup.minecraft.log2":218,"stat.pickup.minecraft.reeds":10,"stat.pickup.minecraft.bed":10,"stat.pickup.minecraft.potato":74,"stat.mineBlock.minecraft.fence_gate":1,"stat.pickup.minecraft.oak_stairs":16,"stat.entityKilledBy.Zombie":1,"stat.pickup.mmorpg.bow/bow0":2,"stat.damageDealt":5924,"stat.craftItem.minecraft.glass":50,"stat.craftItem.minecraft.bowl":8,"stat.sleepInBed":26,"stat.killEntity.Cow":27,"stat.useItem.minecraft.crafting_table":1,"stat.killEntity.Pig":31,"stat.pickup.mmorpg.bow/bow5":1,"stat.craftItem.minecraft.iron_sword":1,"stat.pickup.mmorpg.bow/bow3":3,"stat.craftItem.minecraft.stone_slab":96,"stat.craftItem.minecraft.stone_shovel":7,"stat.walkOneCm":2702506,"stat.playerKills":3,"stat.useItem.minecraft.chest":4,"stat.pickup.minecraft.stick":28,"stat.pickup.mmorpg.spell_self_regen":14,"stat.useItem.minecraft.lava_bucket":1,"stat.useItem.minecraft.spruce_boat":4,"stat.pickup.mmorpg.spell_frostbolt":3,"stat.pickup.mmorpg.spell_thunder_bomb":9,"stat.useItem.minecraft.spruce_stairs":3,"stat.pickup.minecraft.stone":1101,"stat.mineBlock.minecraft.wool":1,"stat.pickup.minecraft.ender_pearl":3,"stat.useItem.minecraft.leaves":220,"stat.pickup.minecraft.cooked_beef":76,"stat.pickup.minecraft.ladder":42,"stat.killEntity.Skeleton":81,"stat.killEntity.Chicken":4,"stat.killEntity.Spider":56,"stat.mobKills":470,"stat.craftItem.minecraft.shears":2,"stat.craftItem.minecraft.fence":39,"stat.pickup.mmorpg.runes/ita0":1,"stat.mineBlock.minecraft.leaves":529,"stat.pickup.minecraft.torch":86,"stat.pickup.mmorpg.spell_acidexplosion":2,"stat.mineBlock.minecraft.redstone_ore":17,"stat.pickup.mmorpg.hammer/hammer2":4,"stat.pickup.mmorpg.hammer/hammer1":10,"stat.mineBlock.chisel.planks-oak":2,"stat.pickup.minecraft.spruce_boat":7,"stat.pickup.mmorpg.hammer/hammer0":7,"stat.craftItem.minecraft.spruce_stairs":4,"stat.mineBlock.minecraft.stone":1160}