{"stat.pickup.mmorpg.chest/chest0":2,"stat.useItem.minecraft.bow":29,"stat.useItem.mmorpg.bow/bow5":22,"stat.pickup.mmorpg.chest/chest1":3,"stat.useItem.mmorpg.bow/bow0":10,"stat.pickup.minecraft.wooden_slab":24,"stat.leaveGame":20,"stat.drop.minecraft.gunpowder":5,"stat.mineBlock.minecraft.web":25,"stat.drop.minecraft.feather":1,"stat.mineBlock.gravestone.gravestone":5,"stat.useItem.mmorpg.hammer/hammer0":235,"stat.useItem.mmorpg.hammer/hammer1":50,"stat.useItem.mmorpg.hammer/hammer2":3,"stat.pickup.minecraft.rotten_flesh":164,"stat.pickup.mmorpg.axe/axe0":3,"stat.pickup.mmorpg.spell_flameexplosion":2,"stat.killEntity.Donkey":1,"stat.craftItem.minecraft.stone_axe":2,"stat.useItem.minecraft.vine":29,"stat.pickup.minecraft.bucket":1,"stat.killEntity.Enderman":5,"stat.mineBlock.minecraft.wooden_slab":11,"stat.craftItem.minecraft.iron_shovel":2,"stat.pickup.minecraft.brown_mushroom":15,"stat.killEntity.Witch":3,"stat.pickup.mmorpg.staff/staff0":6,"stat.pickup.mmorpg.staff/staff1":3,"stat.pickup.chisel.chisel_iron":2,"stat.pickup.mmorpg.axe/axe1":5,"stat.pickup.mmorpg.axe/axe2":1,"stat.useItem.minecraft.iron_pickaxe":1342,"stat.craftItem.minecraft.wooden_pickaxe":1,"stat.useItem.minecraft.iron_shovel":515,"stat.pickup.mmorpg.runes/mos0":1,"stat.pickup.minecraft.double_plant":38,"stat.craftItem.minecraft.bed":2,"stat.pickup.mmorpg.runes/mos3":1,"stat.mineBlock.minecraft.vine":33,"stat.furnaceInteraction":113,"stat.drop.mmorpg.spell_thunderbolt":1,"stat.killEntity.ZombieVillager":10,"stat.pickup.mmorpg.runes/rah2":1,"stat.pickup.mmorpg.runes/rah0":1,"stat.useItem.minecraft.double_plant":21,"stat.pickup.minecraft.beef":54,"stat.useItem.minecraft.trapdoor":7,"stat.mineBlock.chisel.planks-dark-oak":2,"stat.useItem.minecraft.fence":39,"stat.pickup.securitycraft.security_camera":3,"stat.mineBlock.minecraft.fence":5,"stat.useItem.minecraft.wheat_seeds":56,"stat.useItem.minecraft.dye":36,"stat.deaths":7,"stat.pickup.minecraft.bowl":1,"stat.pickup.minecraft.egg":13,"stat.craftItem.minecraft.wooden_shovel":2,"stat.craftItem.minecraft.iron_pickaxe":6,"stat.useItem.chisel.planks-oak":53,"stat.drop.minecraft.iron_ingot":5,"stat.pickup.packedup.ironbackpack":7,"stat.useItem.securitycraft.camera_monitor":1,"stat.mineBlock.minecraft.tallgrass":717,"stat.craftItem.minecraft.cooked_mutton":2,"stat.chestOpened":97,"stat.craftItem.minecraft.mushroom_stew":6,"stat.drop.chisel.diorite":2,"stat.useItem.minecraft.stone":687,"stat.pickup.minecraft.arrow":138,"stat.pickup.minecraft.iron_sword":3,"stat.pickup.mmorpg.spell_poison_nova":2,"stat.pickup.minecraft.carrot":27,"stat.crouchOneCm":159329,"stat.craftItem.minecraft.iron_ingot":75,"stat.craftingTableInteraction":140,"stat.mineBlock.minecraft.log2":183,"stat.pickup.minecraft.wooden_pickaxe":1,"stat.useItem.chisel.andesite1":7,"stat.pickup.minecraft.planks":482,"stat.pickup.minecraft.wheat_seeds":184,"stat.drop.mmorpg.staff/staff0":2,"stat.mineBlock.minecraft.glass":4,"stat.pickup.chisel.andesite":19,"stat.mineBlock.minecraft.dirt":1274,"stat.useItem.minecraft.bread":3,"stat.drop.minecraft.rotten_flesh":52,"stat.useItem.minecraft.cobblestone":367,"stat.mineBlock.minecraft.double_plant":45,"stat.pickup.minecraft.iron_pickaxe":8,"stat.drop.minecraft.iron_ore":4,"stat.useItem.minecraft.yellow_flower":3,"stat.pickup.minecraft.chicken":6,"stat.craftItem.chisel.chisel_iron":2,"stat.pickup.minecraft.apple":3,"stat.pickup.mmorpg.spell_acid_bomb":2,"stat.craftItem.minecraft.bucket":1,"stat.craftItem.minecraft.planks":1447,"stat.useItem.minecraft.iron_sword":153,"stat.pickup.minecraft.book":21,"stat.mineBlock.minecraft.log":492,"stat.mineBlock.minecraft.waterlily":15,"stat.pickup.minecraft.red_flower":105,"stat.pickup.minecraft.wool":39,"stat.mineBlock.chisel.glass1":13,"stat.pickup.mmorpg.boots/boots3":2,"stat.pickup.mmorpg.boots/boots0":4,"stat.pickup.mmorpg.boots/boots1":4,"stat.useItem.minecraft.iron_axe":974,"stat.mineBlock.minecraft.cobblestone":71,"stat.pickup.minecraft.stone_pickaxe":2,"stat.mineBlock.minecraft.yellow_flower":4,"stat.pickup.minecraft.enchanted_book":1,"stat.drop.minecraft.cobblestone":2,"stat.pickup.minecraft.cooked_porkchop":18,"stat.useItem.minecraft.stone_slab2":399,"stat.pickup.minecraft.bow":12,"stat.pickup.mmorpg.necklace/necklace4":3,"stat.pickup.mmorpg.necklace/necklace1":6,"stat.craftItem.minecraft.furnace":8,"stat.pickup.mmorpg.necklace/necklace0":4,"stat.useItem.minecraft.egg":11,"stat.craftItem.minecraft.spruce_boat":3,"stat.craftItem.minecraft.cooked_beef":58,"stat.pickup.minecraft.shears":3,"stat.craftItem.minecraft.bow":4,"stat.flyOneCm":2548666,"stat.pickup.mmorpg.helmet/helmet2":2,"stat.pickup.mmorpg.helmet/helmet1":2,"stat.pickup.mmorpg.helmet/helmet0":7,"stat.pickup.mmorpg.shields/normal_shield1":7,"stat.pickup.mmorpg.shields/normal_shield0":3,"stat.mineBlock.mmorpg.ore_block2":8,"stat.mineBlock.mmorpg.ore_block3":4,"stat.timeSinceDeath":45781,"stat.drop.minecraft.spider_eye":6,"stat.useItem.minecraft.wooden_slab":89,"stat.mineBlock.mmorpg.ore_block0":5,"stat.mineBlock.mmorpg.ore_block1":5,"stat.craftItem.minecraft.stonebrick":24,"stat.useItem.minecraft.potato":68,"stat.pickup.mmorpg.spell_firebolt":1,"stat.mineBlock.minecraft.coal_ore":127,"stat.drop.minecraft.wool":2,"stat.killEntity.Creeper":70,"stat.talkedToVillager":2,"stat.mineBlock.minecraft.red_mushroom_block":27,"stat.pickup.minecraft.string":177,"stat.craftItem.packedup.basicbackpack":1,"stat.entityKilledBy.Skeleton":2,"stat.pickup.minecraft.birch_stairs":51,"stat.sprintOneCm":1907286,"stat.mineBlock.minecraft.stone_slab":7,"stat.useItem.minecraft.snowball":10,"stat.pickup.mmorpg.spell_lightningexplosion":1,"stat.mineBlock.minecraft.diamond_ore":7,"stat.pickup.mmorpg.runes/xah0":2,"stat.pickup.minecraft.vine":29,"stat.useItem.minecraft.ladder":30,"stat.killEntity.Zombie":207,"stat.pickup.minecraft.snowball":10,"stat.craftItem.minecraft.dye":39,"stat.useItem.minecraft.birch_stairs":42,"stat.diveOneCm":29605,"stat.pickup.minecraft.wheat":10,"stat.craftItem.minecraft.ladder":30,"stat.craftItem.minecraft.cooked_porkchop":31,"stat.pickup.minecraft.stone_axe":1,"stat.mineBlock.chisel.diorite":1,"stat.pickup.mmorpg.spell_fire_nova":3,"stat.pickup.mmorpg.sword/sword1":8,"stat.jump":13813,"stat.useItem.minecraft.sand":2,"stat.pickup.mmorpg.sword/sword0":7,"stat.pickup.minecraft.coal":434,"stat.pickup.minecraft.iron_ingot":58,"stat.pickup.mmorpg.charm/charm0":5,"stat.pickup.mmorpg.charm/charm1":3,"stat.pickup.mmorpg.charm/charm2":4,"stat.pickup.minecraft.gunpowder":67,"stat.craftItem.minecraft.torch":200,"stat.pickup.minecraft.dirt":1465,"stat.pickup.mmorpg.pants/pants4":1,"stat.pickup.mmorpg.pants/pants1":12,"stat.useItem.minecraft.glass":81,"stat.pickup.minecraft.stone_shovel":4,"stat.pickup.mmorpg.pants/pants0":8,"stat.useItem.minecraft.sapling":10,"stat.pickup.minecraft.iron_axe":4,"stat.mineBlock.minecraft.glass_pane":2,"stat.damageTaken":14929,"stat.useItem.minecraft.stone_brick_stairs":8,"stat.mineBlock.minecraft.red_flower":11,"stat.mineBlock.minecraft.torch":42,"stat.mineBlock.minecraft.sapling":3,"stat.pickup.minecraft.log2":218,"stat.pickup.minecraft.bed":10,"stat.pickup.minecraft.potato":122,"stat.mineBlock.minecraft.fence_gate":1,"stat.entityKilledBy.Zombie":1,"stat.pickup.mmorpg.bow/bow0":2,"stat.pickup.mmorpg.bow/bow5":1,"stat.pickup.mmorpg.bow/bow3":3,"stat.craftItem.minecraft.stone_slab":120,"stat.useItem.minecraft.chest":11,"stat.useItem.minecraft.lava_bucket":1,"stat.pickup.mmorpg.spell_thunder_bomb":9,"stat.pickup.minecraft.ender_pearl":4,"stat.pickup.minecraft.cooked_beef":76,"stat.pickup.minecraft.ladder":42,"stat.mobKills":591,"stat.mineBlock.minecraft.bookshelf":7,"stat.craftItem.minecraft.shears":2,"stat.useItem.minecraft.boat":1,"stat.pickup.minecraft.diamond":7,"stat.pickup.minecraft.torch":96,"stat.pickup.mmorpg.spell_acidexplosion":2,"stat.pickup.mmorpg.hammer/hammer2":4,"stat.pickup.mmorpg.hammer/hammer1":10,"stat.pickup.minecraft.spruce_boat":7,"stat.pickup.mmorpg.hammer/hammer0":8,"stat.craftItem.minecraft.spruce_stairs":4,"stat.drop.minecraft.arrow":1,"stat.craftItem.minecraft.iron_axe":5,"stat.pickup.gravestone.death_info":3,"stat.useItem.minecraft.mutton":3,"stat.useItem.minecraft.planks":950,"stat.pickup.mmorpg.spell_frost_nova":3,"stat.drop.minecraft.bowl":3,"stat.pickup.minecraft.porkchop":88,"stat.pickup.minecraft.glass":43,"stat.useItem.minecraft.water_bucket":35,"stat.mineBlock.minecraft.stone_brick_stairs":6,"stat.pickup.minecraft.sand":100,"stat.drop.mmorpg.spell_ice_bomb":1,"stat.useItem.minecraft.ender_pearl":1,"stat.mineBlock.minecraft.sand":98,"stat.pickup.mmorpg.spell_ice_bomb":4,"stat.useItem.minecraft.fence_gate":4,"stat.drop.gravestone.death_info":2,"stat.useItem.minecraft.oak_stairs":45,"stat.useItem.minecraft.dark_oak_stairs":2,"stat.pickup.mmorpg.spell_fire_bomb":2,"stat.drop.minecraft.stone_slab":1,"stat.pickup.minecraft.fence_gate":1,"stat.mineBlock.minecraft.birch_stairs":27,"stat.pickup.chisel.andesite1":1,"stat.pickup.minecraft.furnace":12,"stat.useItem.minecraft.cooked_mutton":2,"stat.drop.mmorpg.shields/normal_shield0":2,"stat.craftItem.minecraft.fence_gate":6,"stat.mineBlock.minecraft.oak_stairs":22,"stat.playOneMinute":927009,"stat.drop.minecraft.string":6,"stat.useItem.minecraft.shears":1,"stat.mineBlock.minecraft.brown_mushroom_block":23,"stat.pickup.securitycraft.camera_monitor":5,"stat.pickup.minecraft.waterlily":17,"stat.craftItem.minecraft.dark_oak_stairs":4,"stat.craftItem.minecraft.iron_hoe":1,"stat.fallOneCm":347685,"stat.craftItem.minecraft.chest":17,"stat.pickup.minecraft.red_mushroom":12,"stat.useItem.minecraft.iron_hoe":150,"stat.drop.mmorpg.spell_acidbolt":1,"stat.pickup.minecraft.feather":7,"stat.useItem.minecraft.furnace":6,"stat.mineBlock.minecraft.gravel":5,"stat.useItem.minecraft.stone_pickaxe":395,"stat.pickup.mmorpg.spell_frostexplosion":1,"stat.craftItem.minecraft.birch_stairs":40,"stat.useItem.minecraft.wool":4,"stat.craftItem.minecraft.oak_stairs":40,"stat.pickup.mmorpg.spell_acidbolt":5,"stat.drop.minecraft.stick":2,"stat.useItem.minecraft.torch":233,"stat.pickup.minecraft.crafting_table":10,"stat.useItem.minecraft.log":159,"stat.craftItem.minecraft.crafting_table":11,"stat.craftItem.minecraft.boat":1,"stat.pickup.minecraft.log":519,"stat.pickup.chisel.diorite":3,"stat.pickup.mmorpg.spell_thunderbolt":4,"stat.pickup.minecraft.sapling":27,"stat.mineBlock.chisel.andesite":19,"stat.mineBlock.chisel.glass":2,"stat.sneakTime":48326,"stat.pickup.minecraft.stone_slab":9,"stat.pickup.minecraft.yellow_flower":9,"stat.useItem.minecraft.mushroom_stew":6,"stat.pickup.minecraft.bone":161,"stat.craftItem.packedup.ironbackpack":1,"stat.useItem.minecraft.log2":14,"stat.pickup.chisel.planks-oak":47,"stat.drop.minecraft.red_mushroom":3,"stat.craftItem.minecraft.stone_brick_stairs":8,"stat.mineBlock.minecraft.brown_mushroom":9,"stat.swimOneCm":73388,"stat.climbOneCm":34629,"stat.drop.minecraft.brown_mushroom":6,"stat.useItem.minecraft.dirt":1288,"stat.drop.securitycraft.camera_monitor":4,"stat.useItem.chisel.andesite":59,"stat.craftItem.minecraft.trapdoor":10,"stat.craftItem.minecraft.stone_pickaxe":3,"stat.pickup.minecraft.cobblestone":589,"stat.drop.chisel.chisel_iron":1,"stat.useItem.securitycraft.security_camera":2,"stat.useItem.minecraft.stone_shovel":888,"stat.drop.minecraft.wheat_seeds":20,"stat.useItem.minecraft.cooked_beef":35,"stat.craftItem.minecraft.wooden_slab":228,"stat.pickup.minecraft.redstone":86,"stat.mineBlock.minecraft.iron_ore":104,"stat.pickup.mmorpg.ore1":5,"stat.pickup.mmorpg.ore0":13,"stat.pickup.mmorpg.ore3":4,"stat.pickup.minecraft.mutton":23,"stat.pickup.mmorpg.ore2":20,"stat.pickup.mmorpg.ring/ring0":15,"stat.pickup.mmorpg.ring/ring1":4,"stat.drop.minecraft.dirt":2,"stat.pickup.minecraft.iron_shovel":2,"stat.useItem.minecraft.cooked_porkchop":15,"stat.pickup.minecraft.trapdoor":4,"stat.useItem.mmorpg.staff/staff1":14,"stat.craftItem.minecraft.stone_slab2":0,"stat.pickup.chisel.planks-dark-oak":2,"stat.craftItem.minecraft.stick":252,"stat.useItem.minecraft.stone_slab":113,"stat.craftItem.minecraft.stone":613,"stat.pickup.minecraft.grass":1,"stat.mineBlock.minecraft.crafting_table":9,"stat.useItem.minecraft.carrot":22,"stat.useItem.minecraft.wooden_shovel":128,"stat.drop.mmorpg.spell_acid_bomb":2,"stat.useItem.minecraft.bucket":36,"stat.mineBlock.minecraft.planks":298,"stat.drop":92,"stat.drop.mmorpg.spell_frostbolt":1,"stat.killEntity.Sheep":9,"stat.pickup.minecraft.slime_ball":39,"stat.pickup.mmorpg.bracelet/bracelet0":16,"stat.pickup.mmorpg.bracelet/bracelet1":2,"stat.craftItem.chisel.auto_chisel":1,"stat.drop.minecraft.bread":1,"stat.drop.mmorpg.hammer/hammer1":1,"stat.pickup.minecraft.gravel":2,"stat.drop.minecraft.cooked_beef":15,"stat.killEntity.Slime":37,"stat.useItem.minecraft.waterlily":2,"stat.useItem.minecraft.apple":1,"stat.useItem.minecraft.porkchop":4,"stat.useItem.mmorpg.axe/axe1":10,"stat.useItem.mmorpg.axe/axe0":16,"stat.pickup.minecraft.stone_brick_stairs":6,"stat.pickup.minecraft.fence":8,"stat.useItem.mmorpg.sword/sword1":149,"stat.pickup.mmorpg.runes/ano0":1,"stat.useItem.mmorpg.sword/sword0":473,"stat.drop.chisel.andesite1":1,"stat.useItem.minecraft.stone_axe":250,"stat.craftItem.minecraft.bread":3,"stat.pickup.minecraft.spider_eye":23,"stat.pickup.minecraft.iron_ore":111,"stat.boatOneCm":101221,"stat.pickup.mmorpg.spell_instantheal":16,"stat.pickup.minecraft.leaves":225,"stat.mineBlock.minecraft.leaves2":3,"stat.pickup.minecraft.leather":62,"stat.mineBlock.minecraft.furnace":12,"stat.useItem.minecraft.wooden_pickaxe":29,"stat.pickup.minecraft.reeds":10,"stat.pickup.minecraft.oak_stairs":22,"stat.damageDealt":6212,"stat.craftItem.minecraft.glass":50,"stat.craftItem.minecraft.bowl":8,"stat.sleepInBed":28,"stat.killEntity.Cow":27,"stat.useItem.minecraft.crafting_table":2,"stat.killEntity.Pig":31,"stat.craftItem.minecraft.iron_sword":1,"stat.craftItem.minecraft.stone_shovel":7,"stat.walkOneCm":3238739,"stat.playerKills":3,"stat.pickup.minecraft.stick":35,"stat.pickup.mmorpg.spell_self_regen":17,"stat.useItem.minecraft.spruce_boat":4,"stat.pickup.mmorpg.spell_frostbolt":3,"stat.useItem.minecraft.spruce_stairs":3,"stat.pickup.minecraft.stone":1204,"stat.mineBlock.minecraft.wool":1,"stat.useItem.minecraft.leaves":220,"stat.killEntity.Skeleton":103,"stat.killEntity.Chicken":4,"stat.killEntity.Spider":78,"stat.craftItem.minecraft.fence":39,"stat.pickup.mmorpg.runes/ita0":1,"stat.pickup.minecraft.water_bucket":1,"stat.mineBlock.minecraft.leaves":559,"stat.mineBlock.minecraft.redstone_ore":19,"stat.mineBlock.chisel.planks-oak":49,"stat.mineBlock.minecraft.stone":1360}