{"stat.pickup.mmorpg.chest/chest0":3,"stat.pickup.mmorpg.chest/chest3":1,"stat.leaveGame":10,"stat.craftItem.minecraft.iron_axe":2,"stat.pickup.gravestone.death_info":1,"stat.craftItem.minecraft.shield":1,"stat.useItem.minecraft.planks":277,"stat.mineBlock.minecraft.web":22,"stat.pickup.minecraft.glowstone_dust":1,"stat.pickup.minecraft.porkchop":4,"stat.mineBlock.gravestone.gravestone":1,"stat.useItem.mmorpg.hammer/hammer1":199,"stat.drop.minecraft.iron_sword":1,"stat.useItem.minecraft.water_bucket":6,"stat.pickup.minecraft.rotten_flesh":65,"stat.pickup.minecraft.sand":35,"stat.pickup.mmorpg.axe/axe0":2,"stat.pickup.mmorpg.spell_flameexplosion":2,"stat.craftItem.minecraft.stone_axe":3,"stat.killEntity.Enderman":2,"stat.craftItem.minecraft.stone_sword":1,"stat.craftItem.minecraft.iron_shovel":12,"stat.mineBlock.minecraft.sand":38,"stat.killEntity.Witch":3,"stat.pickup.mmorpg.staff/staff0":3,"stat.pickup.mmorpg.staff/staff1":1,"stat.pickup.mmorpg.staff/staff2":1,"stat.pickup.mmorpg.axe/axe1":3,"stat.useItem.minecraft.iron_pickaxe":947,"stat.craftItem.minecraft.wooden_pickaxe":4,"stat.useItem.minecraft.iron_shovel":3119,"stat.pickup.minecraft.double_plant":1,"stat.craftItem.minecraft.birch_door":3,"stat.drop.gravestone.death_info":1,"stat.mineBlock.minecraft.sticky_piston":2,"stat.furnaceInteraction":27,"stat.mineBlock.minecraft.rail":4,"stat.killEntity.ZombieVillager":1,"stat.pickup.mmorpg.spell_fire_bomb":1,"stat.pickup.minecraft.beef":12,"stat.pickup.minecraft.furnace":4,"stat.useItem.minecraft.redstone":34,"stat.useItem.minecraft.stone_stairs":20,"stat.useItem.minecraft.wooden_button":3,"stat.deaths":5,"stat.pickup.minecraft.bowl":1,"stat.pickup.minecraft.egg":8,"stat.playOneMinute":459905,"stat.pickup.minecraft.birch_door":2,"stat.craftItem.minecraft.iron_pickaxe":6,"stat.drop.minecraft.iron_ingot":1,"stat.drop.minecraft.torch":3,"stat.pickup.packedup.ironbackpack":1,"stat.mineBlock.minecraft.tallgrass":914,"stat.chestOpened":44,"stat.useItem.minecraft.stone":16,"stat.pickup.minecraft.arrow":36,"stat.pickup.minecraft.iron_sword":1,"stat.pickup.minecraft.wooden_pressure_plate":8,"stat.pickup.mmorpg.spell_poison_nova":1,"stat.pickup.mmorpg.spell_thunder_nova":2,"stat.fallOneCm":93931,"stat.pickup.minecraft.carrot":22,"stat.crouchOneCm":243471,"stat.pickup.minecraft.rail":7,"stat.craftItem.minecraft.chest":8,"stat.craftItem.minecraft.iron_ingot":96,"stat.craftingTableInteraction":74,"stat.drop.mmorpg.spell_acidbolt":1,"stat.mineBlock.minecraft.wooden_pressure_plate":8,"stat.craftItem.minecraft.wooden_button":4,"stat.pickup.minecraft.planks":123,"stat.pickup.minecraft.wheat_seeds":264,"stat.useItem.minecraft.stone_pickaxe":486,"stat.pickup.mmorpg.spell_frostexplosion":1,"stat.drop.mmorpg.staff/staff0":1,"stat.useItem.minecraft.stone_sword":99,"stat.craftItem.minecraft.iron_leggings":1,"stat.mineBlock.minecraft.dirt":3592,"stat.pickup.mmorpg.spell_acidbolt":4,"stat.craftItem.patchouli.guide_book":1,"stat.useItem.minecraft.torch":65,"stat.useItem.minecraft.bread":6,"stat.craftItem.minecraft.stone_stairs":24,"stat.pickup.minecraft.crafting_table":15,"stat.useItem.minecraft.cobblestone":735,"stat.craftItem.minecraft.crafting_table":8,"stat.mineBlock.minecraft.double_plant":38,"stat.pickup.minecraft.log":251,"stat.pickup.minecraft.iron_pickaxe":1,"stat.pickup.minecraft.sapling":38,"stat.pickup.minecraft.apple":6,"stat.pickup.mmorpg.spell_acid_bomb":1,"stat.useItem.minecraft.birch_door":4,"stat.craftItem.minecraft.bucket":1,"stat.craftItem.minecraft.planks":456,"stat.useItem.minecraft.iron_sword":138,"stat.useItem.minecraft.wooden_pressure_plate":3,"stat.pickup.minecraft.book":21,"stat.mineBlock.minecraft.log":220,"stat.pickup.packedup.basicbackpack":1,"stat.pickup.minecraft.red_flower":33,"stat.sneakTime":52399,"stat.pickup.minecraft.wool":5,"stat.pickup.minecraft.yellow_flower":27,"stat.pickup.minecraft.bone":49,"stat.pickup.mmorpg.boots/boots0":4,"stat.craftItem.minecraft.sticky_piston":4,"stat.craftItem.packedup.ironbackpack":1,"stat.pickup.minecraft.redstone_torch":9,"stat.useItem.minecraft.iron_axe":184,"stat.mineBlock.minecraft.cobblestone":66,"stat.mineBlock.minecraft.yellow_flower":7,"stat.swimOneCm":14928,"stat.pickup.minecraft.sticky_piston":4,"stat.useItem.minecraft.dirt":3820,"stat.useItem.minecraft.stone_slab2":208,"stat.pickup.minecraft.bow":1,"stat.pickup.mmorpg.necklace/necklace1":3,"stat.craftItem.minecraft.furnace":6,"stat.useItem.minecraft.red_flower":4,"stat.pickup.mmorpg.necklace/necklace0":1,"stat.craftItem.minecraft.spruce_boat":3,"stat.craftItem.minecraft.iron_boots":1,"stat.craftItem.minecraft.stone_pickaxe":6,"stat.craftItem.minecraft.cooked_beef":6,"stat.pickup.minecraft.cobblestone":1064,"stat.useItem.minecraft.stone_shovel":262,"stat.flyOneCm":979988,"stat.drop.minecraft.wheat_seeds":1,"stat.pickup.mmorpg.helmet/helmet0":2,"stat.useItem.minecraft.cooked_beef":13,"stat.pickup.mmorpg.shields/normal_shield1":1,"stat.pickup.mmorpg.shields/normal_shield0":1,"stat.mineBlock.mmorpg.ore_block2":4,"stat.pickup.minecraft.redstone":138,"stat.mineBlock.minecraft.iron_ore":114,"stat.mineBlock.mmorpg.ore_block3":2,"stat.pickup.mmorpg.shields/normal_shield2":1,"stat.timeSinceDeath":10254,"stat.pickup.mmorpg.ore1":11,"stat.pickup.mmorpg.ore0":7,"stat.mineBlock.mmorpg.ore_block0":7,"stat.pickup.mmorpg.ore3":2,"stat.pickup.mmorpg.ore2":6,"stat.mineBlock.mmorpg.ore_block1":7,"stat.pickup.minecraft.mutton":4,"stat.useItem.minecraft.potato":4,"stat.pickup.mmorpg.spell_firebolt":1,"stat.pickup.mmorpg.ring/ring0":2,"stat.useItem.mmorpg.staff/staff0":4,"stat.useItem.minecraft.cooked_porkchop":2,"stat.mineBlock.minecraft.coal_ore":227,"stat.killEntity.Creeper":25,"stat.talkedToVillager":2,"stat.pickup.minecraft.string":43,"stat.craftItem.minecraft.stone_slab2":0,"stat.sprintOneCm":677236,"stat.craftItem.minecraft.stick":136,"stat.craftItem.minecraft.stone":4,"stat.mineBlock.minecraft.crafting_table":14,"stat.craftItem.minecraft.wooden_pressure_plate":4,"stat.useItem.minecraft.bucket":7,"stat.pickup.minecraft.sugar":2,"stat.mineBlock.minecraft.planks":117,"stat.drop":15,"stat.killEntity.Sheep":4,"stat.pickup.minecraft.slime_ball":35,"stat.pickup.mmorpg.bracelet/bracelet0":3,"stat.pickup.mmorpg.bracelet/bracelet1":1,"stat.killEntity.Zombie":69,"stat.diveOneCm":8273,"stat.pickup.minecraft.wheat":20,"stat.craftItem.minecraft.piston":4,"stat.useItem.minecraft.sticky_piston":3,"stat.pickup.mmorpg.bracelet/bracelet3":1,"stat.craftItem.minecraft.cooked_porkchop":16,"stat.drop.minecraft.cooked_beef":6,"stat.useItem.minecraft.apple":2,"stat.useItem.mmorpg.axe/axe1":1,"stat.useItem.minecraft.rotten_flesh":4,"stat.pickup.mmorpg.sword/sword1":3,"stat.jump":4903,"stat.useItem.minecraft.sand":17,"stat.pickup.mmorpg.sword/sword0":4,"stat.pickup.minecraft.coal":263,"stat.pickup.minecraft.iron_ingot":17,"stat.pickup.mmorpg.runes/ano1":1,"stat.useItem.mmorpg.sword/sword1":17,"stat.useItem.mmorpg.sword/sword0":230,"stat.useItem.minecraft.stone_axe":262,"stat.useItem.minecraft.piston":7,"stat.entityKilledBy.CaveSpider":1,"stat.craftItem.minecraft.bread":6,"stat.pickup.minecraft.gunpowder":30,"stat.pickup.minecraft.spider_eye":9,"stat.craftItem.minecraft.torch":100,"stat.pickup.minecraft.dirt":4047,"stat.craftItem.minecraft.iron_helmet":1,"stat.pickup.minecraft.iron_ore":118,"stat.pickup.mmorpg.pants/pants4":1,"stat.pickup.mmorpg.pants/pants1":1,"stat.boatOneCm":317694,"stat.pickup.mmorpg.pants/pants0":2,"stat.useItem.minecraft.sapling":10,"stat.pickup.mmorpg.spell_instantheal":3,"stat.pickup.minecraft.iron_axe":1,"stat.damageTaken":5015,"stat.pickup.minecraft.leather":4,"stat.mineBlock.minecraft.furnace":4,"stat.mineBlock.minecraft.torch":22,"stat.mineBlock.minecraft.red_flower":16,"stat.useItem.minecraft.wooden_pickaxe":77,"stat.entityKilledBy.ZombieVillager":2,"stat.pickup.minecraft.reeds":13,"stat.pickup.minecraft.potato":34,"stat.entityKilledBy.Zombie":1,"stat.pickup.mmorpg.bow/bow0":5,"stat.damageDealt":3946,"stat.sleepInBed":8,"stat.killEntity.Cow":4,"stat.killEntity.Pig":2,"stat.craftItem.minecraft.iron_sword":2,"stat.pickup.mmorpg.bow/bow2":1,"stat.pickup.minecraft.piston":12,"stat.craftItem.minecraft.stone_shovel":2,"stat.walkOneCm":1754610,"stat.useItem.minecraft.chest":4,"stat.pickup.minecraft.stick":38,"stat.pickup.mmorpg.spell_self_regen":5,"stat.useItem.minecraft.spruce_boat":6,"stat.pickup.mmorpg.spell_frostbolt":1,"stat.pickup.minecraft.stone":71,"stat.craftItem.minecraft.iron_chestplate":1,"stat.mineBlock.minecraft.wool":2,"stat.pickup.minecraft.ender_pearl":1,"stat.useItem.minecraft.redstone_ore":1,"stat.pickup.minecraft.cooked_beef":33,"stat.killEntity.Skeleton":51,"stat.mineBlock.minecraft.redstone_torch":6,"stat.killEntity.Spider":17,"stat.mobKills":180,"stat.mineBlock.minecraft.bookshelf":7,"stat.pickup.minecraft.water_bucket":1,"stat.mineBlock.minecraft.leaves":148,"stat.mineBlock.minecraft.piston":12,"stat.pickup.minecraft.torch":46,"stat.pickup.mmorpg.hammer/hammer1":1,"stat.pickup.minecraft.spruce_boat":6,"stat.pickup.mmorpg.hammer/hammer0":1,"stat.mineBlock.minecraft.stone":1024}